{"cameraMode":{"drawMode":0,"name":"Shaded","section":"Shading Mode"},"sceneLighting":false,"audioPlay":false,"sceneViewState":{"showFog":true,"showMaterialUpdate":false,"showSkybox":false,"showFlares":true,"showImageEffects":true,"showParticleSystems":true},"in2DMode":false,"pivot":{"x":0.23179519176483155,"y":1.0893511772155762,"z":0.021557331085205079},"rotation":{"x":0.017154989764094354,"y":0.244075208902359,"z":0.004315969999879599,"w":-0.969613254070282},"size":4.05490255355835,"orthographic":false}