{"cameraMode":{"drawMode":0,"name":"Shaded","section":"Shading Mode"},"sceneLighting":false,"audioPlay":false,"sceneViewState":{"showFog":true,"showMaterialUpdate":false,"showSkybox":false,"showFlares":true,"showImageEffects":true,"showParticleSystems":true},"in2DMode":false,"pivot":{"x":-7.070860385894775,"y":0.7932560443878174,"z":-1.1192853450775147},"rotation":{"x":0.3952471613883972,"y":-0.2759558856487274,"z":0.12579552829265595,"w":0.867073118686676},"size":6.24435567855835,"orthographic":false}