{"cameraMode":{"drawMode":0,"name":"Shaded","section":"Shading Mode"},"sceneLighting":true,"audioPlay":false,"sceneViewState":{"showFog":true,"showMaterialUpdate":false,"showSkybox":false,"showFlares":true,"showImageEffects":true,"showParticleSystems":true},"in2DMode":false,"pivot":{"x":1.2312955856323243,"y":3.3560571670532228,"z":6.758254051208496},"rotation":{"x":0.21338753402233125,"y":-0.2872454822063446,"z":0.06580519676208496,"w":0.9314698576927185},"size":2.4865570068359377,"orthographic":false}