{"cameraMode":{"drawMode":0,"name":"Shaded","section":"Shading Mode"},"sceneLighting":false,"audioPlay":true,"sceneViewState":{"showFog":true,"showMaterialUpdate":false,"showSkybox":false,"showFlares":true,"showImageEffects":true,"showParticleSystems":true},"in2DMode":false,"pivot":{"x":-0.5576105117797852,"y":5.850236892700195,"z":-0.008253097534179688},"rotation":{"x":0.07882483303546906,"y":0.37521982192993166,"z":0.032042790204286578,"w":-0.9230406284332275},"size":16.046619415283204,"orthographic":false}