{"cameraMode":{"drawMode":0,"name":"Shaded","section":"Shading Mode"},"sceneLighting":true,"audioPlay":true,"sceneViewState":{"showFog":true,"showMaterialUpdate":false,"showSkybox":false,"showFlares":true,"showImageEffects":true,"showParticleSystems":true},"in2DMode":false,"pivot":{"x":6.700000762939453,"y":5.700000762939453,"z":8.799999237060547},"rotation":{"x":-0.06258618831634522,"y":0.2566412389278412,"z":-0.016659285873174669,"w":-0.9643521308898926},"size":191.24957275390626,"orthographic":false}