{"cameraMode":{"drawMode":0,"name":"Shaded","section":"Shading Mode"},"sceneLighting":false,"audioPlay":false,"sceneViewState":{"showFog":true,"showMaterialUpdate":false,"showSkybox":false,"showFlares":true,"showImageEffects":true,"showParticleSystems":true},"in2DMode":false,"pivot":{"x":24.5205078125,"y":-5.441852569580078,"z":-9.935089111328125},"rotation":{"x":-0.15102510154247285,"y":-0.05128199979662895,"z":0.007845325395464898,"w":-0.9871762990951538},"size":258.0123291015625,"orthographic":false}