{"cameraMode":{"drawMode":0,"name":"Shaded","section":"Shading Mode"},"sceneLighting":false,"audioPlay":true,"sceneViewState":{"showFog":true,"showMaterialUpdate":false,"showSkybox":false,"showFlares":true,"showImageEffects":true,"showParticleSystems":true},"in2DMode":false,"pivot":{"x":2.5726606845855715,"y":1.055661678314209,"z":-3.5638370513916017},"rotation":{"x":0.012610998935997486,"y":0.29320651292800906,"z":0.00386572303250432,"w":-0.9559760093688965},"size":15.58862590789795,"orthographic":false}