{"cameraMode":{"drawMode":0,"name":"Shaded","section":"Shading Mode"},"sceneLighting":false,"audioPlay":true,"sceneViewState":{"showFog":true,"showMaterialUpdate":false,"showSkybox":false,"showFlares":true,"showImageEffects":true,"showParticleSystems":true},"in2DMode":false,"pivot":{"x":-0.5380611419677734,"y":5.7938361167907719,"z":-2.2499818801879885},"rotation":{"x":-0.023495163768529893,"y":0.5093176960945129,"z":-0.01391539815813303,"w":-0.8601647615432739},"size":21.225711822509767,"orthographic":false}