{"cameraMode":{"drawMode":0,"name":"Shaded","section":"Shading Mode"},"sceneLighting":false,"audioPlay":false,"sceneViewState":{"showFog":true,"showMaterialUpdate":false,"showSkybox":false,"showFlares":true,"showImageEffects":true,"showParticleSystems":true},"in2DMode":false,"pivot":{"x":0.16150259971618653,"y":2.0787479877471926,"z":0.8172216415405273},"rotation":{"x":-0.10463681071996689,"y":0.19032377004623414,"z":-0.020409489050507547,"w":-0.9759342074394226},"size":6.289108753204346,"orthographic":false}