{"cameraMode":{"drawMode":0,"name":"Shaded","section":"Shading Mode"},"sceneLighting":true,"audioPlay":true,"sceneViewState":{"showFog":true,"showMaterialUpdate":false,"showSkybox":false,"showFlares":true,"showImageEffects":true,"showParticleSystems":true},"in2DMode":false,"pivot":{"x":6.469999313354492,"y":6.1399993896484379,"z":5.6100006103515629},"rotation":{"x":-0.06258618831634522,"y":0.2566412389278412,"z":-0.016659285873174669,"w":-0.9643521308898926},"size":40.010372161865237,"orthographic":false}