{"cameraMode":{"drawMode":0,"name":"Shaded","section":"Shading Mode"},"sceneLighting":true,"audioPlay":false,"sceneViewState":{"showFog":true,"showMaterialUpdate":false,"showSkybox":false,"showFlares":true,"showImageEffects":true,"showParticleSystems":true},"in2DMode":false,"pivot":{"x":0.09263300895690918,"y":0.8452988862991333,"z":9.032559394836426},"rotation":{"x":0.21887558698654176,"y":-0.38058826327323916,"z":0.09321858733892441,"w":0.8936265110969544},"size":6.086557865142822,"orthographic":false}