{"cameraMode":{"drawMode":0,"name":"Shaded","section":"Shading Mode"},"sceneLighting":false,"audioPlay":true,"sceneViewState":{"showFog":true,"showMaterialUpdate":false,"showSkybox":false,"showFlares":true,"showImageEffects":true,"showParticleSystems":true},"in2DMode":false,"pivot":{"x":2.6644678115844728,"y":6.579590797424316,"z":-2.5553483963012697},"rotation":{"x":0.012610998935997486,"y":0.29320651292800906,"z":0.00386572303250432,"w":-0.9559760093688965},"size":8.027277946472168,"orthographic":false}