{"cameraMode":{"drawMode":0,"name":"Shaded","section":"Shading Mode"},"sceneLighting":false,"audioPlay":false,"sceneViewState":{"showFog":true,"showMaterialUpdate":false,"showSkybox":false,"showFlares":true,"showImageEffects":true,"showParticleSystems":true},"in2DMode":false,"pivot":{"x":0.18445266783237458,"y":1.0725935697555543,"z":-0.4557380676269531},"rotation":{"x":0.2849405109882355,"y":0.03938315436244011,"z":0.011716416105628014,"w":-0.957682728767395},"size":0.9000572562217712,"orthographic":false}