{"cameraMode":{"drawMode":0,"name":"Shaded","section":"Shading Mode"},"sceneLighting":false,"audioPlay":false,"sceneViewState":{"showFog":true,"showMaterialUpdate":false,"showSkybox":false,"showFlares":true,"showImageEffects":true,"showParticleSystems":true},"in2DMode":false,"pivot":{"x":-1.8557641506195069,"y":1.4565736055374146,"z":-0.3805851936340332},"rotation":{"x":0.001146290684118867,"y":0.27164775133132937,"z":0.00032064830884337425,"w":-0.9624144434928894},"size":5.089555263519287,"orthographic":false}