{"cameraMode":{"drawMode":0,"name":"Shaded","section":"Shading Mode"},"sceneLighting":false,"audioPlay":false,"sceneViewState":{"showFog":true,"showMaterialUpdate":false,"showSkybox":false,"showFlares":true,"showImageEffects":true,"showParticleSystems":true},"in2DMode":false,"pivot":{"x":-0.002858206629753113,"y":1.7215322256088257,"z":-0.1524200439453125},"rotation":{"x":0.000389091728720814,"y":-0.9995813965797424,"z":-0.016293423250317575,"w":-0.02432752400636673},"size":0.8614937663078308,"orthographic":false}