{"cameraMode":{"drawMode":0,"name":"Shaded","section":"Shading Mode"},"sceneLighting":false,"audioPlay":false,"sceneViewState":{"showFog":true,"showMaterialUpdate":false,"showSkybox":false,"showFlares":true,"showImageEffects":true,"showParticleSystems":true},"in2DMode":false,"pivot":{"x":0.34029123187065127,"y":0.16241729259490968,"z":-1.1315199136734009},"rotation":{"x":0.027766816318035127,"y":0.9607881903648377,"z":-0.25539472699165347,"w":0.10446840524673462},"size":3.800853967666626,"orthographic":false}