{"cameraMode":{"drawMode":0,"name":"Shaded","section":"Shading Mode"},"sceneLighting":true,"audioPlay":false,"sceneViewState":{"showFog":true,"showMaterialUpdate":false,"showSkybox":false,"showFlares":true,"showImageEffects":true,"showParticleSystems":true},"in2DMode":false,"pivot":{"x":0.04738593101501465,"y":2.8041305541992189,"z":-0.10759639739990235},"rotation":{"x":0.019153714179992677,"y":-0.06085238978266716,"z":-0.0011706337099894882,"w":-0.9979796409606934},"size":7.704850196838379,"orthographic":false}