{"cameraMode":{"drawMode":0,"name":"Shaded","section":"Shading Mode"},"sceneLighting":false,"audioPlay":false,"sceneViewState":{"showFog":true,"showMaterialUpdate":false,"showSkybox":false,"showFlares":true,"showImageEffects":true,"showParticleSystems":true},"in2DMode":false,"pivot":{"x":1.8411561250686646,"y":3.28598690032959,"z":0.7029018402099609},"rotation":{"x":-0.055772025138139728,"y":0.018569905310869218,"z":-0.0010401606559753419,"w":-0.9982876777648926},"size":16.756935119628908,"orthographic":false}