{"cameraMode":{"drawMode":0,"name":"Shaded","section":"Shading Mode"},"sceneLighting":false,"audioPlay":false,"sceneViewState":{"showFog":true,"showMaterialUpdate":false,"showSkybox":false,"showFlares":true,"showImageEffects":true,"showParticleSystems":true},"in2DMode":false,"pivot":{"x":-0.31305408477783205,"y":0.8347394466400147,"z":-0.03933119773864746},"rotation":{"x":-0.13150255382061006,"y":0.29752451181411745,"z":-0.041420772671699527,"w":-0.9447252154350281},"size":2.425349712371826,"orthographic":false}