{"cameraMode":{"drawMode":0,"name":"Shaded","section":"Shading Mode"},"sceneLighting":false,"audioPlay":false,"sceneViewState":{"showFog":true,"showMaterialUpdate":false,"showSkybox":false,"showFlares":true,"showImageEffects":true,"showParticleSystems":true},"in2DMode":false,"pivot":{"x":-0.2694922685623169,"y":-0.035497426986694339,"z":-0.2772235870361328},"rotation":{"x":-0.10404760390520096,"y":0.21660201251506806,"z":-0.023227306082844735,"w":-0.970439612865448},"size":5.187045574188232,"orthographic":false}