{"cameraMode":{"drawMode":0,"name":"Shaded","section":"Shading Mode"},"sceneLighting":false,"audioPlay":false,"sceneViewState":{"showFog":true,"showMaterialUpdate":false,"showSkybox":false,"showFlares":true,"showImageEffects":true,"showParticleSystems":true},"in2DMode":false,"pivot":{"x":-0.04539382457733154,"y":1.3222103118896485,"z":0.14926528930664063},"rotation":{"x":-0.023715509101748468,"y":0.21924275159835816,"z":-0.005333337001502514,"w":-0.9753853678703308},"size":2.5473268032073976,"orthographic":false}