{"cameraMode":{"drawMode":0,"name":"Shaded","section":"Shading Mode"},"sceneLighting":false,"audioPlay":true,"sceneViewState":{"showFog":true,"showMaterialUpdate":false,"showSkybox":false,"showFlares":true,"showImageEffects":true,"showParticleSystems":true},"in2DMode":false,"pivot":{"x":2.3863821029663088,"y":5.012178421020508,"z":-2.930234432220459},"rotation":{"x":-0.012077175080776215,"y":0.48473381996154787,"z":-0.006696631666272879,"w":-0.8745718598365784},"size":8.09731674194336,"orthographic":false}