{"cameraMode":{"drawMode":0,"name":"Shaded","section":"Shading Mode"},"sceneLighting":false,"audioPlay":false,"sceneViewState":{"showFog":true,"showMaterialUpdate":false,"showSkybox":false,"showFlares":true,"showImageEffects":true,"showParticleSystems":true},"in2DMode":false,"pivot":{"x":10.947100639343262,"y":9.774166107177735,"z":-18.43048095703125},"rotation":{"x":-0.08270738273859024,"y":-0.014351834543049336,"z":0.0011914080241695047,"w":-0.9964780807495117},"size":181.46353149414063,"orthographic":false}