{"cameraMode":{"drawMode":0,"name":"Shaded","section":"Shading Mode"},"sceneLighting":true,"audioPlay":false,"sceneViewState":{"showFog":true,"showMaterialUpdate":false,"showSkybox":false,"showFlares":true,"showImageEffects":true,"showParticleSystems":true},"in2DMode":false,"pivot":{"x":1.8237926959991456,"y":1.881894826889038,"z":6.675078868865967},"rotation":{"x":0.0933203399181366,"y":-0.2357599437236786,"z":0.022750800475478174,"w":0.9670588970184326},"size":1.7134428024291993,"orthographic":false}