{"cameraMode":{"drawMode":0,"name":"Shaded","section":"Shading Mode"},"sceneLighting":false,"audioPlay":false,"sceneViewState":{"showFog":true,"showMaterialUpdate":false,"showSkybox":false,"showFlares":true,"showImageEffects":true,"showParticleSystems":true},"in2DMode":false,"pivot":{"x":0.30829691886901858,"y":2.3751046657562258,"z":0.5954194068908691},"rotation":{"x":0.011592364870011807,"y":0.12923100590705872,"z":0.0015089368680492044,"w":-0.991563618183136},"size":6.48854923248291,"orthographic":false}